ENGLISH_NAME,DISTRICT,COMPANY_TYPE,REGISTRATION_DATE,
AMAR RICE MILL,Dang,Private,2031,
SARASHWATI RICE AND OIL GENERAL INDUS.,Dang,Private,2042,
SPECTRA COLOR,Dang,Private,2043,
RAPTI NURSINGH HOME,Dang,Private,2043,
Ganesh Chitralaya,Dang,Private,2043,
NABA DURGA OIL MILL,Dang,Private,2043,
Sherpa T Nirman Sewa,Dang,Private,2044,
Kaushyala Chira Mandir,Dang,Private,2044,
Sharma & Subedi Oil Mile,Dang,Private,2044,
Ambikakeshweri Textile Industries,Dang,Private,2044,
Om Shanti Cinema Hal,Dang,Private,2046,
Durga Film,Dang,Private,2046,
Usha Tal Mill,Dang,Private,2047,
Rapti Roda Dhunga Udhyog,Dang,Private,2048,
Krisn Hotel & Ladge,Dang,Private,2048,
SAGUN PRAKASHAN,Dang,Private,2048,
Nepal Chiuri Ghee Udyog,Dang,Private,2049,
BARAHA YAKIKRIT KRISHI FIRM,Dang,Private,2049,
ROLPALI KRISHI MAL UDHYOG,Dang,Public,2050,
R.N. CONSTRUCION CO.PVT.LTD,Dang,Private,2050,
KADEL UNNAT BAKHRA PALAN PVT.LTD,Dang,Private,2050,
BISHNU CHALCHITRA MANDIR,Dang,Private,2050,
BUDDHA (JAYA) NURSING HOME PVT. LTD.,Dang,Private,2052,
BIMASH COLLECTION,Dang,Private,2052,
MANAKAMANA COAL INDUSTRIES,Dang,Private,2052,
HOTEL DANG VALLEY,Dang,Private,2052,
MAHASHAKTI COAL UDYOG PVT.LTD.,Dang,Private,2053,
Rapti Pulp Tatha Kaagaj Karkhana,Dang,Public,2053,
NISHAN COAL UDYOG PVT.LTD.,Dang,Private,2053,
SATYA (SHREE) SAI RAPTI COLOR LAB PVT. LTD.,Dang,Private,2053,
DANG VALLEY OIL MILL PVT.LTD.,Dang,Private,2053,
PANORAMA COAL UDYOG,Dang,Private,2053,
WESTERN NEPAL MINES COMPANY PVT.LTD.,Dang,Private,2053,
KIRAN COAL UDYOG,Dang,Private,2053,
AMBEKESWARI OFFSET PRESS PVT.LTD.,Dang,Private,2053,
MARIGOLD ENGLISH BOARDING SCHOOL,Dang,Private,2053,
BASANTI GRILL UDYOG PVT.LTD.,Dang,Private,2054,
S.B. TIME NETWORK PVT.LTD.,Dang,Private,2054,
BIBEK COAL UDYOG,Dang,Private,2054,
RAPTI SPACE CABLE TELEVISION,Dang,Private,2054,
KHIMAJIV CONSTRUCTION PVT.LTD.,Dang,Private,2054,
BHALUBANG KHADYA UDYOG PVT.LTD.,Dang,Private,2054,
EXPRESS HIGHWAY FUEL CENTRE,Dang,Private,2054,
SATYA SAI SPACE NETWORK PVT.LTD.,Dang,Private,2054,
PRIME TRADING,Dang,Private,2054,
SHANKAR CHITRALAYA PVT.LTD.,Dang,Private,2054,
SATYA SAI CHALCHITRA MANDIR,Dang,Private,2055,
NATURAL COAL UDYOG PVT.LTD.,Dang,Private,2055,
SWARGADWARI CABLE TELEVISION NETWORK,Dang,Private,2055,
GREEN BEE ENTERPRISES PVT.LTD.,Dang,Private,2055,
SHIKHAR COAL COMPANY PVT.LTD.,Dang,Private,2055,
SWARGADWARI COLOUR LAB PVT.LTD.,Dang,Private,2055,
BABA AUTO ENGINEERING PVT.LTD.,Dang,Private,2055,
SHREEKRISHNA DAIRY,Dang,Private,2055,
KAILASH BANASPATI GHIU UDYOG PVT.LTD.,Dang,Private,2055,
AMRIT HOSPITAL,Dang,Private,2055,
HARKA CONSTRUCTION COMPANY,Dang,Private,2055,
BHANDARI COAL UDDHYOG,Dang,Private,2055,
SAGAR COAL UDDHYOG,Dang,Private,2056,
AMBIKESHWORI CABLE NETWORK,Dang,Private,2056,
DANG COAL PVT. LTD.,Dang,Private,2056,
DANG COAL,Dang,Private,2056,
SHIVA SHAKTI COAL UDDHYOG,Dang,Private,2056,
MALKHAD BIKRI KENDRA,Dang,Private,2056,
ERAWAT COLOUR LAB,Dang,Private,2056,
RAPTI COMPUTER TRAINING CENTRE,Dang,Private,2056,
DANG TECHNICAL INSTITUTE,Dang,Private,2057,
SAGAR OIL DISTRIBUTORS,Dang,Private,2057,
SHIVAM COAL COMPANY,Dang,Private,2057,
SHREE SATYA SAI CEMENT UDDHYOG,Dang,Private,2057,
SAAKAR PIPE AND POLE UDHYOG,Dang,Private,2057,
MITRA REAL ESTATE COMPANY,Dang,Private,2057,
RAPTI INSTITUTE OF SCIENCE & TECHNOLOGY,Dang,Private,2057,
ambika space time,Dang,Private,2057,
AMBIKA SPACE TIME,Dang,Private,2057,
SREE SATYASAI CONCRETE POLE INDUSTRY,Dang,Private,2057,
ELECTRONIC MEDIA SERVICES,Dang,Private,2057,
SHERPA COAL MINING COMPANY,Dang,Private,2057,
KANCHAN COAL COMPANY,Dang,Private,2057,
INTERNATIONAL INSTITUTE OF MEDICAL SCIENCE,Dang,Private,2057,
MAHABHARAT POULTRY FARM,Dang,Private,2058,
AASHUTOSH FOODS,Dang,Private,2058,
TRISIDDHESHWARI CABLE NETWORK,Dang,Private,2058,
Linkage Finance Company,Dang,Public,2058,
SWARGADWARI BUSINESS GROUP,Dang,Private,2059,
BIJAURI LITTLE FLOWER ENGLISH BOARDING SCHOOL,Dang,Private,2059,
GORKHA HIGHER SECONDARY SCHOOL,Dang,Private,2059,
Gyan Jyoti Higher Secondary School,Dang,Private,2059,
Tiny Tots English boarding School Dang PVT. LTD.,Dang,Private,2059,
Rapti Aawasiya Madhyamik Vidhyalaya Ghorahi,Dang,Private,2059,
ROSY BUD'S BALBATIKA BOARDING SCHOOL,Dang,Private,2059,
PEACE PIONEER ENGLISH MODEL SCHOOL,Dang,Private,2059,
GORKHA INTERNATIONAL PUBLIC SECONDARY SCHOOL,Dang,Private,2059,
TULSI BOARDING SCHOOL,Dang,Private,2059,
MANAKAMANA VIDHYASHRAM ENGLISH MEDIUM BOARDING SCHOOL,Dang,Private,2059,
FOURTYNINE ANGREJI MADHYAMIK VIDHYALAYA,Dang,Private,2059,
SHANTI SUDHA AWASIYA MADHYAMIK VIDHYALAYA,Dang,Private,2059,
Ghorahi Academy Pvt. Ltd.,Dang,Private,2059,
SHREE VIDHYANILKANTHA MADHYAMIK ANGREJI SCHOOL,Dang,Private,2059,
DANG GYANODAYA ENGLISH SCHOOL,Dang,Private,2059,
DANG VALLEY ENGLISH VIDHYALAYA.,Dang,Private,2059,
KIDS BRIGHT FUTURE ENGLISH BOARDING SCHOOL,Dang,Public,2059,
AADARSHA ACADEMY ENGLISH MEDIUM SCHOOL,Dang,Private,2059,
MODERN LITTLE HEAVEN ENGLISH MEDIUM HIGH SCHOOL,Dang,Private,2059,
Great Araniko Uchcha Madhyamik Vidyalaya,Dang,Private,2059,
TRIDEV ENGLISH BOARDING SCHOOL,Dang,Private,2059,
MARYGOLD AAWASIYA MADHYAMIK VIDHYALAYA,Dang,Private,2059,
FATIMA ENGLISH SCHOOL,Dang,Private,2059,
MANAKAMANA COLOURLAB,Dang,Private,2059,
FISHTAIL CABLE NETWORK,Dang,Private,2059,
LITTLE ANGEL AAWASHIYA VIDHYALAYA DANG PVT.,Dang,Private,2059,
Deep Jyoti Higher Secondary School,Dang,Private,2059,
KHADAG DEVI MILL,Dang,Private,2059,
JANA JYOTI BIDHYAMANDIR DANG,Dang,Private,2059,
Moonlight Uchha Madhyamik Vidhyalaya Dang,Dang,Private,2059,
ALPHA ENGLISH BOARDING SCHOOL DANG,Dang,Private,2059,
SUNLIGHT MODERN ENGLISH BOARDING SCHOOL DANG,Dang,Private,2059,
SHREE PASHUPATI VIDHYASHRAM DANG,Dang,Private,2059,
SWARGADWARI ENGLISH BOARDING SCHOOL DANG,Dang,Private,2059,
BUDDHA JYOTI VIDYALAYA DANG,Dang,Private,2059,
TEJ NET,Dang,Private,2059,
DIBYA JYOTI ENGLISH BOARDING SCHOOL DANG,Dang,Private,2059,
IDEAL ENGLISH SECONDARY SCHOOL DANG PVT.,Dang,Private,2059,
Mount View Higher Secondary English Boarding School,Dang,Private,2059,
SIDDHARTHA ENGLISH BOARDING SCHOOL DANG,Dang,Private,2059,
SHREE BATSYAYAN MADHYAMIK VIDHYALAYA DANG,Dang,Private,2059,
CHANDRAODAYA BIDHYAKUNJ MA.VI. DANG,Dang,Private,2059,
NEW SUNRISE ENGLISH BOARDING SCHOOL DANG,Dang,Private,2059,
NEW SHANTI ENGLISH MEDIUM SCHOOL DANG,Dang,Private,2059,
WILLIAM SHAKESPEAR ANGREJI VIDHYALAYA DANG,Dang,Private,2059,
Manakamana English School Dang pvt.ltd,Dang,Private,2059,
STAR ENGLISH SCHOOL DANG,Dang,Private,2059,
Hamro Pahunch Higher Secondary School,Dang,Private,2059,
SHANTI DEEP ENGLISH BOARDING SCHOOL DANG,Dang,Private,2059,
ARANIKO ENGLISH VIDHYALAYA DANG,Dang,Private,2059,
ANAMOL CABLE NETWORK,Dang,Private,2059,
MECHI KALI AAWASIYA MADYAMIK BIDYALAYA,Dang,Private,2059,
SARASWATI ENGLISH MEDIUM SCHOOL DANG,Dang,Private,2059,
SHREE DEEP ENGLISH SCHOOL DANG,Dang,Private,2059,
AMAR ENGLISH SCHOOL DANG,Dang,Private,2059,
SHRIJANA BAL BALIKA ENGLISH BOARDING SCHOOL DANG,Dang,Private,2059,
GYAN PUNJ ENGLISH SCHOOL,Dang,Private,2059,
CHANDRA JYOTI SCHOOL,Dang,Private,2059,
H.R. COMPANY,Dang,Private,2059,
VALLEY TOP ENGLISH BOARDING SCHOOL DANG,Dang,Private,2059,
NEW STAR  ENGLISH BOARDING SCHOOL DANG,Dang,Private,2060,
Gyan Jyoti Public School,Dang,Private,2060,
DEUKHURI VALLEY ENGLISH SCHOOL DANG,Dang,Private,2060,
KAMANA BOARDING SCHOOL DANG,Dang,Private,2060,
GALAXY ENGLISH SCHOOL DANG,Dang,Private,2060,
ANNAPURNA AAWASIYA MADHYAMIK VIDHYALAYA DANG,Dang,Private,2060,
PAWAN ENGLISH SCHOOL,Dang,Private,2060,
SHISHU NIKETAN ENGLISH SCHOOL,Dang,Private,2060,
DRAGON BUILDERS,Dang,Private,2060,
SAKAR JANSHAKTI SERVICE & CONSULTENCY,Dang,Private,2060,
SERENE VALLEY PUBLIC SCHOOL,Dang,Private,2060,
SAJHA CABLE NETWORK,Dang,Private,2060,
AMBIKESWORI SAMUDAIK SEWA,Dang,Private,2060,
HIMAL ACADEMY DANG,Dang,Private,2060,
DIPJYOTI VIDHYUT UTPADAN TATHA BITARAN DANG,Dang,Private,2060,
RAPTI RIVER CROSSER INDUSTRIES,Dang,Private,2060,
RISHI KHANIJ UDHYOG,Dang,Private,2060,
PEARL ACADEMY,Dang,Private,2060,
GYAN SINDHU EDUCATIONAL ACADEMY,Dang,Private,2060,
SWORGADWARI SAMUDAIK SEWA,Dang,Private,2060,
GYAN JYOTI BOARDING SCHOOL DANG,Dang,Private,2060,
SHIRADI SAI NETWORK,Dang,Private,2060,
PALPA COAL,Dang,Private,2060,
RAISE INTERNATIONAL,Dang,Private,2060,
SWORGADWARI BIDHUT COMPANY,Dang,Private,2061,
DANG C.M.A. TRAINING CENTRE,Dang,Private,2061,
RAPTI HEALTH INSTITUTE A.N.M. NURSING CAMPUS,Dang,Private,2061,
GYANODAYA SCHOOL,Dang,Private,2061,
SAGARMATHA BOARDING SCHOOL DANG,Dang,Private,2061,
GYAN KUNJA ENGLISH SCHOOL DANG,Dang,Private,2061,
MODEL ENGLISH SCHOOL DANG,Dang,Private,2061,
PRINCE ENGLISH MODEL BOARDING SCHOOL,Dang,Private,2061,
SHREE GORAKCHHYA GROUP,Dang,Private,2061,
DINESH KHANIJ UDHYOG,Dang,Private,2061,
Siddhartha Educational Group,Dang,Private,2061,
RISHI TECHNICAL EDUCATION & RESEARCH CENTRER,Dang,Private,2061,
GADHAWA BIDHYUT,Dang,Private,2061,
SWARGADWARI POLYCLINIC,Dang,Private,2061,
Godawari English Medium School Dang,Dang,Private,2061,
SHREE LALIGURANS AAWASIYA PRATHAMIC VIDHALAYA,Dang,Private,2061,
SWORGADWARI COLLEGE OF HEALTH SCIENCE & TECHNOLOGY,Dang,Private,2061,
WESTERN DEVELOPMENT BANK,Dang,Public,2061,
JEEVAN JYOTI ENGLISH MODEL VIDHYASHRAM DANG,Dang,Private,2061,
SUNGABHA SPACE CABLE NETWORK,Dang,Private,2061,
DANG ENGLISH SCHOOL MARPADANDA,Dang,Private,2061,
SATYA SAI COL UDHYOG,Dang,Private,2061,
BAL UDHYAN ACADEMY,Dang,Private,2062,
SNEHA CABLE T.V. NETWORK,Dang,Private,2062,
SANDHYA CABLE NETWORK,Dang,Private,2062,
JAYA DHARMA BAIRAGI CABLE NETWORK,Dang,Private,2062,
SUNDAWARI CABLE NETWORK,Dang,Private,2062,
REAL GROUP,Dang,Private,2062,
MOONA MILAN BOARDING SCHOOL,Dang,Private,2062,
SAHARA CABLE NETWORK,Dang,Private,2062,
CHILDREN HEAVEN ENGLISH BOARDING SCHOOL,Dang,Private,2062,
JALJALA SOLAR POWER COMPANY,Dang,Private,2062,
BR Hospital,Dang,Public,2062,
BR. DENTAL HOSPITAL PVT. LTD.,Dang,Private,2062,
Rapti Real Estate,Dang,Private,2062,
SAJHA TRADING,Dang,Private,2062,
NISCHAL KASTHA UDHYOG & SUPPLIERS,Dang,Private,2062,
K.C. BAHU UDDHESHIYA TALIM KENDRA,Dang,Private,2062,
SWORGADWARI DRUGS DISTRIBUTORS,Dang,Private,2062,
HIMALAYA ENGLISH SCHOOL [DANG],Dang,Private,2062,
JANA PRIYA  ENGLISH SCHOOL,Dang,Private,2062,
SWARGADWARI COAL INDUSTRIES,Dang,Private,2062,
LAMAHI PUBLIC SCHOOL,Dang,Private,2062,
Great Buddha Academy,Dang,Private,2062,
SIDDHIBINAYAK COAL UDHYOG,Dang,Private,2062,
SHIVAGADHI KHANIJ UDHYOG,Dang,Private,2062,
SAHARA SANGAM,Dang,Private,2062,
BELA VIDHYUT,Dang,Private,2062,
SAHARA KRISHI SEWA,Dang,Private,2063,
NAMUNA ENGLISH MEDIUAM SCHOOL,Dang,Private,2063,
ROSHAN BUILDERS,Dang,Private,2063,
OM SAI VIDHYUT,Dang,Private,2063,
SHUVAM KHANIJ UDHYOG,Dang,Private,2063,
JEEVAN JYOTI I.T. COLLEGE,Dang,Private,2063,
SIMA JADIBUTI PRASHODHAN,Dang,Private,2063,
BHARATPUR INVESTMENT,Dang,Private,2063,
SAI RAM MEDICAL COLLEGE,Dang,Private,2063,
RAPTI KHANIJ COMPANY,Dang,Private,2063,
RAPTI SAMUDAYIK SEWA,Dang,Private,2063,
JALJALA SOLAR & BAIKALPIK URJA,Dang,Private,2063,
RAPTI LIFE CARE HOSPITAL,Dang,Private,2063,
OM SAHARA INTERNATIONAL,Dang,Private,2063,
NILAKANTHA TRADE,Dang,Private,2063,
SWARGADWARI AGRO NEPAL,Dang,Private,2063,
TRIBENI COAL UDHYOG,Dang,Private,2063,
HIGH LIGHT ENGLISH BOARDING SCHOOL,Dang,Private,2063,
SONPUR VIDHYUT UTPADAN & BITARAN,Dang,Private,2063,
C.N. MEDIA PVT. LTD.,Dang,Private,2063,
PRAGATINAGAR VIDHYUT UTPADAN & BITARAN,Dang,Private,2063,
C.E.B. PLAN,Dang,Private,2063,
RAJPUR VIDHYUT COMPANY,Dang,Private,2063,
Namaste Bittiya Sanstha Limited,Dang,Public,2063,
SWARGADWARI SHRIJANSHIL PVT. LTD.,Dang,Private,2063,
SIDDHARTHA COAL UDHYOG,Dang,Private,2063,
HIMALAYAN COAL UDHYOG,Dang,Private,2063,
NAWA SWARGADWARI FILMS PRODUCTION,Dang,Private,2063,
GOLDEN PATH,Dang,Private,2063,
INDRENI F.M.,Dang,Private,2063,
GROWING BUDS BOARDING SCHOOL,Dang,Private,2063,
BUDHATHOKI BROTHERS,Dang,Private,2063,
SHINING SUN BEAM EDUCATION,Dang,Private,2063,
MADHYA PASHCHIM VIDHYUT BIKAS,Dang,Private,2063,
MODERN GYAN KUNJA ENGLISH SCHOOL,Dang,Private,2063,
Saptarangi English Medium School,Dang,Private,2063,
MUNA ENGLISH BOARDING SCHOOL DURUWA DANG,Dang,Private,2063,
MID WEST POINT ACADEMY,Dang,Private,2063,
HIMCHULI ENGLISH BOARDING SCHOOL .,Dang,Private,2063,
RAPTI PUBLIC ENGLISH BOARDING SCHOOL,Dang,Private,2063,
HUMA CHANDRA SCHOOL,Dang,Private,2063,
KOSHELI INTERNATIONAL,Dang,Private,2063,
GYANODAYA ENGLISH BOARDING SCHOOL GOLTAKURI,Dang,Private,2063,
A.B. MONEY TRANSFER,Dang,Private,2063,
KNOWLEDGE OF COMPUTER,Dang,Private,2063,
JYOTISHMATI BIDHYAPEETHA LAMAHI,Dang,Private,2063,
SAMRAT ENGLISH BOARDING SCHOOL,Dang,Private,2063,
SHREE SCHOLAR  LAND ENGLISH MEDIUM BOARDING SCHOOL,Dang,Private,2063,
VALLEY JUNIORS PUBLIC SCHOOL,Dang,Private,2063,
OM JANASEWA POLYCLINIC,Dang,Private,2063,
MID VALLEY ENGLISH SCHOOL DANG,Dang,Private,2063,
STAR SUMMIT ENGLISH SCHOOL SATBARIYA,Dang,Private,2063,
BALSAHARA ENGLISH BOARDING SCHOOL DANG,Dang,Private,2063,
Shubha darpan academy Dang,Dang,Private,2063,
RAINBOW CABLE TELEVISION NETWORK DANG,Dang,Private,2063,
SIRJANSHIL SAMUHA,Dang,Private,2063,
PEOPLE'S LAND ENGLISH BOARDING SCHOOL HAPURE,Dang,Private,2063,
JAINDRA SINGH NAMUNA ENGLISH BOARDING SCHOOL,Dang,Private,2063,
KHADKA CONSULTANCY,Dang,Private,2063,
BALAMRIT ENGLISH SCHOOL,Dang,Private,2063,
RAPTI PUBLICATION,Dang,Private,2063,
SHREE PANDAWESHWAR GROUP,Dang,Private,2064,
HAMRO E-LINK,Dang,Private,2064,
BALKUNJA ENGLISH MEDIUM SCHOOL,Dang,Private,2064,
SHREE NAVA  SHAITAHIK PRATISTUAR,Dang,Private,2064,
BINIT ENGLISH SCHOOL,Dang,Private,2064,
GOBARDIHA VIDHYUT COMPANY,Dang,Private,2064,
Florence Hospital Pvt. Ltd.,Dang,Private,2064,
RAPTI SOLAR POWER & GOBAR GAS SEWA,Dang,Private,2064,
DEUKHURI CABLE NETWORK,Dang,Private,2064,
BABIL CABLE T.V. NETWORK,Dang,Private,2064,
MOTI KALI KHANIJ UDHYOG,Dang,Private,2064,
B.P.L. FILMS,Dang,Private,2064,
NAVA JYOTI JANATA ENGLISH SCHOOL,Dang,Private,2064,
Parijat International School Dang,Dang,Private,2064,
SAGARMATHA BAL BATIKA BOARDING SCHOOL,Dang,Private,2064,
PANCHAKULE TRINETRA ENGLISH BOARDING SCHOOL,Dang,Private,2064,
TULSIPUR FLOUR MILLS,Dang,Private,2064,
SWARGADWARI FUEL,Dang,Private,2064,
SAUDIYAR CHILDREN ACADEMY,Dang,Private,2064,
SHREE GAUN LIFE VISION SCHOOL,Dang,Private,2064,
TULSI AUTO GROUP,Dang,Private,2064,
JAYA BAGAR BABA  KHANIJ UDHYOG,Dang,Private,2064,
DIRGHAYU POLYCLINIC AND RESEARCH CENTRE,Dang,Private,2064,
SAIRAM MINERALS,Dang,Private,2064,
BABAI LITTLE STAR ENGLISH BOARDING SCHOOL,Dang,Private,2064,
Devine Academy Dang,Dang,Private,2064,
BAGAR BABA VIDHYUT COMPANY,Dang,Private,2064,
KOSHELI ENGLISH BOARDING SCHOOL,Dang,Private,2064,
LOK PRIYA VIDHYA MANDIR,Dang,Private,2064,
LITTLE GOD ACADEMY,Dang,Private,2064,
SHARADA SISNE BOARDING SCHOOL,Dang,Private,2064,
SAGARMATHA MULTI TRADE CONCERN,Dang,Private,2064,
GYAN MALA ACADEMY,Dang,Private,2064,
MAA MAHAKALI KHANIZ UDHYOG,Dang,Private,2064,
DIG DARSHAN INTERNATIONAL ACADEMY PANCHAKULE,Dang,Private,2064,
ABC MULTIPLE BUSINESS,Dang,Private,2064,
Skillful English Boarding School,Dang,Private,2064,
Nav Chetana Shaichik Utthan,Dang,Private,2064,
Trimurtee Himchuli English School,Dang,Private,2064,
Dangisharan Vidhyakunj,Dang,Private,2064,
Pancha Ratna Khanij Udhyog,Dang,Private,2064,
C. and D. Vehicle Trading Concern,Dang,Private,2064,
Purandhara Everest Academy,Dang,Private,2064,
Arbour Rising Academy,Dang,Private,2064,
Purandhara Academy,Dang,Private,2064,
Little Valley Balvatika,Dang,Private,2064,
Modern Digdarshan International Academy Kaushilapur,Dang,Private,2064,
Jeevan Premi Educare Academy,Dang,Private,2064,
Deukhuri Public School,Dang,Private,2064,
Pascal Swasthya Polyclinic,Dang,Private,2064,
Pratik Consultancy Service,Dang,Private,2064,
Hemantpur Himalaya English Boarding School,Dang,Private,2064,
Babai Public English School Goltakuri,Dang,Private,2064,
Tulsipur Mount View Travels and Tours,Dang,Private,2064,
Dangali Crusher Udhyog,Dang,Private,2064,
Rana Construction & Suppliers,Dang,Private,2064,
Rapti Southern English Boarding School,Dang,Private,2064,
Swargadwari Sunrise Skill Development,Dang,Private,2064,
Tulsipur Digital Color Lab,Dang,Private,2064,
Samaya Aawas Bikas Company,Dang,Private,2064,
Modern Golden Star Academy Dang,Dang,Private,2064,
Barhakune Khanij Udhyog,Dang,Private,2064,
Valley Star English Boarding School Tulsipur,Dang,Private,2064,
Gorakhnath Khanij Udhyog,Dang,Private,2064,
Vidhya Kung English Boarding School,Dang,Private,2064,
Panchakule Bal Vatika Academy,Dang,Private,2064,
Ranisati Khanij Udhyog,Dang,Private,2064,
Divine Temple Academy,Dang,Private,2064,
Bal Pratibha English Bidhyalaya,Dang,Private,2065,
Duruwa Balmiki Vidhyashram English Boarding School,Dang,Private,2065,
Jal Jala Manpower Consultancy,Dang,Private,2065,
Prashansa International Medical Service,Dang,Private,2065,
Mark International College,Dang,Private,2065,
Speed Way Yatayat,Dang,Private,2065,
Madhya Pashchim Samudayik janaswasthya Aaspatal,Dang,Non-Profit Distributing,2065,
Sushasan Trading Company,Dang,Private,2065,
United Scientific & Surgical House,Dang,Private,2065,
Nyauli Training Center,Dang,Private,2065,
Baraha Dev Business,Dang,Private,2065,
Little Doctor Samudayik Nursing Home,Dang,Private,2065,
Deep Jyoti Technical Institute Ghorahi Dang,Dang,Private,2065,
Bhole Shankar English Boarding School,Dang,Private,2065,
"Rinchen Teaching Hospital, Medical College & Research Centre",Dang,Non-Profit Distributing,2065,
Shubhakamana Vidhyut Company,Dang,Private,2065,
Budhathoki Brothers & Hardwares,Dang,Private,2065,
B.N. Enterprises,Dang,Private,2065,
National Golden Gate Academy,Dang,Private,2065,
Hotel Madhuwan,Dang,Private,2065,
Goraksha Dairy Udhyog,Dang,Private,2065,
Dang Medicare Polyclinic,Dang,Private,2065,
Madhya Pashchim Real Estate Company,Dang,Private,2065,
Ambikeswari Real Estate Company,Dang,Private,2065,
Hanshabahini Vidhya Sadan,Dang,Private,2065,
Kids Zone Academy,Dang,Private,2065,
Relation Educational Academy,Dang,Private,2065,
Rapti General Hospital and Research Centre,Dang,Private,2065,
Shikhar Sagarmatha Academy,Dang,Private,2065,
Martin International Academy,Dang,Private,2065,
Rapti Sip Bikas Company,Dang,Private,2065,
Sunaulo Jaljala Real Estate,Dang,Private,2065,
Bindabasini Bal Vidhya Mandir,Dang,Private,2065,
Public Education Academy,Dang,Private,2065,
Emmanuel Educare Academy,Dang,Private,2065,
Yagyalaxmi Investment Company,Dang,Private,2065,
S. S. Khanij Udhyog,Dang,Private,2065,
Lokpriya Bal Bikash Academy,Dang,Private,2065,
Amrit Academy School,Dang,Private,2065,
Friendship English Boarding School,Dang,Private,2065,
Millennium Pharmaceuticals,Dang,Private,2065,
Prastistha Academy,Dang,Private,2065,
Rapti Bal Academy,Dang,Private,2065,
Ghorahi Hospital,Dang,Private,2065,
Rajpur Himalaya Boarding School,Dang,Private,2065,
Orchid Eden Academy,Dang,Private,2065,
Pelican Academy,Dang,Private,2065,
Rapti Galaxy Public School,Dang,Private,2065,
Somaithan l.h.academy,Dang,Private,2065,
Dakshinkali Crusher Udhyog,Dang,Private,2065,
Rapti Child Creative Academy,Dang,Private,2066,
Dang Unity Life Shopping Centre,Dang,Private,2066,
Gorkha Education Group,Dang,Private,2066,
N.G.I.T. Escol,Dang,Private,2066,
Ganga Itta Udhyog,Dang,Private,2066,
Unique Mid Western Academy,Dang,Private,2066,
Dharma Kaali Academy,Dang,Private,2066,
Life Time Construction,Dang,Private,2066,
Shivaj Dang Concrete Udhyog,Dang,Private,2066,
Asian Shikshya Niketan,Dang,Private,2066,
Image Healthy Life International,Dang,Private,2066,
Dang Valley Real Estate,Dang,Private,2066,
Shree Satyasai Pipe & Pole Industries,Dang,Private,2066,
Rapti Poultry Breeding & Research,Dang,Private,2066,
Sangam Swargadwari Trade Link,Dang,Private,2066,
Hotel Sandhya,Dang,Private,2066,
Right Group Multipurpose Investment Company,Dang,Private,2066,
Nagarik Dental Hospital,Dang,Private,2066,
Deokhuri Samudayik Hospital,Dang,Public,2066,
Bigul Consultancy,Dang,Private,2066,
O.P.P. Construction,Dang,Private,2066,
Yug Construction,Dang,Private,2066,
Life Change Consultancy,Dang,Private,2066,
Easy Construction,Dang,Private,2066,
Dang Valley Hume Pipe & Concrete Industries,Dang,Private,2066,
Shubha Barsha Construction and Associates,Dang,Private,2066,
Dhurba Tara English Boarding School Dang,Dang,Private,2066,
Alliance Trading Suppliers,Dang,Private,2066,
Swargadwari Humepipe Tatha Vudhyut Pole Udhyog,Dang,Private,2066,
Rapti Siksha Campus,Dang,Private,2066,
Ambikeshwari Sanchar,Dang,Private,2066,
Jana Namuna English Boarding School,Dang,Private,2066,
Tiwarni Devi Roda Dhunga Udhyog,Dang,Private,2066,
Gorkha General Hospital,Dang,Private,2066,
Swargadwari Sangam Nirman Samagri Udhyog,Dang,Private,2066,
Family Paradise English Boarding School,Dang,Private,2066,
Forever Public English Boarding School,Dang,Private,2066,
Swargadwari Technical College,Dang,Private,2066,
Mausam Trading,Dang,Private,2066,
Nepal Sanjeevini Institute of Health Science,Dang,Private,2066,
Ghorahi Biz,Dang,Private,2066,
Dip Ganga Public English Boarding School,Dang,Private,2066,
Rapti Gas Udhyog,Dang,Private,2066,
Bishwas Medical & Research Polyclinic,Dang,Private,2066,
Dang Holidays Resort,Dang,Private,2066,
K.C. Gas Udhyog,Dang,Private,2066,
Swargadwari Net,Dang,Private,2066,
Dynamic Gyan Academy,Dang,Private,2066,
Nava Chandra Boarding School,Dang,Private,2066,
Mid Western Valley English Boarding School,Dang,Private,2066,
Bangalachuli English Boarding School,Dang,Private,2066,
Sadabahar Gyan Kunja Boarding School,Dang,Private,2066,
Burn Heart Academy,Dang,Private,2066,
Shubhashree Academy Ghorahi,Dang,Private,2066,
Sharada Viddhya Mandir,Dang,Private,2066,
Ratnashila English Boarding School,Dang,Private,2066,
Rihar English Boarding School,Dang,Private,2066,
Satbariya Academy,Dang,Private,2066,
Deukhuri Greenland English Boarding School,Dang,Private,2066,
Shishu Adharshila School Dang,Dang,Private,2066,
Gadhawa English Boarding School,Dang,Private,2066,
Madhyapaschim Media,Dang,Private,2066,
Tulsipur Hospital and Health Science Teaching Institute,Dang,Private,2066,
Paropakar Englsih Boarding School,Dang,Private,2066,
Ganga Itta Suppliers & Udhyog,Dang,Private,2066,
Shuvatara English Boarding School Gadhawa,Dang,Private,2066,
Utsarga Films,Dang,Private,2066,
Golden Star English Boarding School,Dang,Private,2066,
Gyanjyoti Educational Academy Dang,Dang,Private,2066,
Novex International College,Dang,Private,2066,
Golden Future English Boarding School Dang,Dang,Private,2066,
Dang Unity Life Hospital,Dang,Private,2066,
Republican Star Academy,Dang,Private,2066,
Nepal English Boarding School Dang,Dang,Private,2066,
Padam Laxmi Investment Company,Dang,Private,2066,
Aacharya Investment Company,Dang,Private,2067,
Dang Publication,Dang,Private,2067,
Modern Oxford Academy Dang,Dang,Private,2067,
Namuna Satellite Service,Dang,Private,2067,
Tulsipur Academy,Dang,Private,2067,
Dang Valley Educational Group,Dang,Private,2067,
J.P.R. Events,Dang,Private,2067,
Hariyali Nepal,Dang,Private,2067,
U.S.R. Fuel Company,Dang,Private,2067,
Umesh Super Lodge,Dang,Private,2067,
Hotel Western Palace,Dang,Private,2067,
M.G.B. Films,Dang,Private,2067,
Ankit Construction,Dang,Private,2067,
Jana Bhawana English Boaridng School Dang,Dang,Private,2067,
Deep Boarding English School Dang,Dang,Private,2067,
Swargadwari Chalachitra Mandir,Dang,Private,2067,
Shree Sai Ram Drinking Water,Dang,Private,2067,
Green agri vet company,Dang,Private,2067,
Kailash Hospital and Research Center,Dang,Private,2067,
Cinder E. Com,Dang,Private,2067,
Kham Nirman and Suppliers,Dang,Private,2067,
Him Shikhar Drinking Water Company,Dang,Private,2067,
Khudi Kaka Construction & Associate,Dang,Private,2067,
Shreesha Agri Milk and Meat Production,Dang,Private,2067,
Shuvam Manufacturing,Dang,Private,2067,
Global Rising Builders & Developers,Dang,Private,2067,
Global Friendship Investment Company,Dang,Private,2067,
Trimurti Traders,Dang,Private,2067,
Lord Buddha Academy Dang,Dang,Private,2067,
Education Flower Academy,Dang,Private,2067,
Purandhara Manakamana Cable Network,Dang,Private,2067,
Smile English Boarding School Rampur,Dang,Private,2067,
Deep Jyoti Hospital Dang,Dang,Private,2067,
Sunpur Cable Network,Dang,Private,2067,
Nepal Organic Asparagus Farming,Dang,Private,2067,
Shuva Vishwa Bindu Construction Company,Dang,Private,2067,
Colours Education Nepal,Dang,Private,2067,
Nava Jyoti Vidhya Niketan School Dang,Dang,Private,2067,
Bhagya Laxmi Investment,Dang,Private,2067,
Vision English Boarding School Dang,Dang,Private,2067,
Caspian Academy School Dang,Dang,Private,2067,
Jaya Gangamala Industries,Dang,Private,2067,
Swargadwari Darshan Yatayat,Dang,Private,2067,
Bagarbaba English Boarding School,Dang,Private,2067,
Parijat Smirti Vidhyalaya,Dang,Private,2067,
Sonpur Valley Public School,Dang,Private,2067,
Victoria International College,Dang,Private,2067,
K.C. Investment Company,Dang,Private,2067,
Green Star English Boarding School Dang,Dang,Private,2067,
Maa Laxmi Bhawani Cable Net,Dang,Private,2067,
Hareram Cable Net,Dang,Private,2067,
Jaya Durga Bhawani Cable Net,Dang,Private,2067,
Green Top Boarding School,Dang,Private,2067,
Rapti Peace Zone English Boarding School,Dang,Private,2067,
Dang Auto Land,Dang,Private,2067,
I.B. Cable Net,Dang,Private,2067,
Chandra Vinayak Mining & Company,Dang,Private,2067,
Hubble International Multipurpose Group,Dang,Private,2067,
Hill Top English Boarding School Dang,Dang,Private,2067,
New Mini Valley English Boarding School,Dang,Private,2067,
Kashipur Cable Net,Dang,Private,2067,
Bagarbaba Cable Net,Dang,Private,2067,
Mount Apex Educational Consultancy,Dang,Private,2067,
Swargadwari Screen Plant,Dang,Private,2067,
Sunrise Academy,Dang,Private,2067,
Third Team Films,Dang,Private,2067,
Sugandha Herbal Industries,Dang,Private,2067,
Shree Ganesh Udhyog and Suppliers,Dang,Private,2067,
Roka Hydro and Construction Company,Dang,Private,2067,
Valley Public English School Lamahi Dang,Dang,Private,2067,
Tulsipur Public Health Hospital,Dang,Private,2067,
Gurkha Public Hospital,Dang,Private,2067,
Citizen Investment Company,Dang,Private,2067,
Bal Kiran Primary Boarding School,Dang,Private,2067,
Goldengate English Boarding School Dang,Dang,Private,2067,
Next Generation I.T.,Dang,Private,2067,
Sunshine Public Boarding School,Dang,Private,2067,
Moon Star Public School,Dang,Private,2067,
Sister Home English Boarding School,Dang,Private,2067,
Jana Sewa,Dang,Private,2067,
Dang Suyang Feng Dendrobium Eriiflorun Technology Product Company,Dang,Private,2067,
Indreni Cable Net,Dang,Private,2067,
Panchakule Cable Television Net,Dang,Private,2067,
Integrated Rural Business Development Center,Dang,Private,2067,
Horizon Poultry,Dang,Private,2067,
Ishmali Stone Industries,Dang,Private,2067,
Smile Software System,Dang,Private,2067,
Aims International Academy Dang,Dang,Private,2067,
Divine Academy Dang,Dang,Private,2067,
Swargadwari Drinking Water,Dang,Private,2068,
H.B.Dynamic Health Institute,Dang,Private,2068,
Third Pole Academy,Dang,Private,2068,
Arjunkhola Crusher Udhyog,Dang,Private,2068,
Sagarmath Duwani Tatha Bahuudeshya,Dang,Private,2068,
Sona Oil Stores,Dang,Private,2068,
Ghorahi Transport and Suppliers,Dang,Private,2068,
City Garden,Dang,Private,2068,
Rapti Euro Medicare,Dang,Private,2068,
Marry Mount International School,Dang,Private,2068,
Ambikeshwori Fuel Company,Dang,Private,2068,
Baghnath Vidhyut,Dang,Private,2068,
Goldenpath Academy,Dang,Private,2068,
Shree Junar Vidhyut Company,Dang,Private,2068,
Birta Vidhyut,Dang,Private,2068,
Rapti Swargadwari Ratannath Prabidhik Shikshalaya,Dang,Private,2068,
Shree Avay Vidhyut Company,Dang,Private,2068,
Dangisharan Vidhyut Company,Dang,Private,2068,
Ichchhuk Smriti Crusher Udhyog,Dang,Private,2068,
Shree Chharchhare Vidhyut Company,Dang,Private,2068,
Bagaar Baba Prabidhik Shikshalaya,Dang,Private,2068,
Shree Biken Vidhyut,Dang,Private,2068,
Sukaurakot Vidhyut Company,Dang,Private,2068,
Dang Himalayan Multi Technical College,Dang,Private,2068,
Western Nepal College Of Engineering & Management,Dang,Private,2068,
Tulsipur Prabidhik Shikshalaya,Dang,Private,2068,
Himali Business,Dang,Private,2068,
Image Engineering College,Dang,Private,2068,
Nashib Construction,Dang,Private,2068,
Rapti Automobile And Trading House,Dang,Private,2068,
Evergreen English School Dang,Dang,Private,2068,
Shivagadhi Construction,Dang,Private,2068,
Bhadraksha Devi English School,Dang,Private,2068,
Mid Western Technical Vocational Training & Research Institute,Dang,Private,2068,
Prithvi Mining & Transport,Dang,Private,2068,
Garjan Media,Dang,Private,2068,
River side English Boarding School Dang,Dang,Private,2068,
Worldlink Dang Communication,Dang,Private,2068,
Tunisa Processing,Dang,Private,2068,
Suryo Dip Urja,Dang,Private,2068,
Everest English Boarding School Dang,Dang,Private,2068,
Saptarangi Land Housing Developers and Hydropower,Dang,Private,2068,
Samaj Bikas Talim Kendra,Dang,Private,2068,
Baghmare Vidhyut Company,Dang,Private,2068,
Dreamland Traders,Dang,Private,2068,
Nepal Development Polytechnic,Dang,Private,2068,
Babai Construction and Suppliers,Dang,Private,2068,
Shanti Bal Uddhan English School,Dang,Private,2068,
Sishaniya Cable Net,Dang,Private,2068,
Tulsipur Polyclinic,Dang,Private,2068,
Siddhartha Hardware And Suppliers,Dang,Private,2068,
Sagarmatha Vidhyut Company,Dang,Private,2068,
Nemta Schooling & Training,Dang,Private,2068,
Nabkiran Publication,Dang,Private,2068,
Channel Rapti Darpan,Dang,Private,2068,
K.P. Foundation,Dang,Non-Profit Distributing,2068,
H.P.R. International,Dang,Private,2068,
New Rapti Crusher Udhyog,Dang,Private,2068,
Sarathi Academy,Dang,Private,2068,
Rapti Polyclinic And Diagnostic Center,Dang,Private,2068,
Sunrise Agriculture Research Centre,Dang,Private,2068,
Kalika Malika Fuel Center,Dang,Private,2068,
Jaya Manakamana Construction Company,Dang,Private,2068,
Sunflower English Boarding School,Dang,Private,2068,
Janabishwas Concrete Udhyog,Dang,Private,2068,
Siddha Baba Academy Dang,Dang,Private,2068,
Debel English Boarding School Dang,Dang,Private,2068,
Khairabang Mai Consultancy,Dang,Private,2068,
Sadhana English Boarding School Dang,Dang,Private,2068,
Moonrise English Boarding School Dang,Dang,Private,2068,
Shree Modern Technical Future English School,Dang,Private,2068,
Ghumna Little Star School,Dang,Private,2068,
Shree Ganesh Educational Academy,Dang,Private,2068,
Hansipur Bright Future English School,Dang,Private,2068,
Rapti Mediscience College,Dang,Private,2068,
Gyan Shiksha Niketan Boarding School Dang,Dang,Private,2068,
Gobardiha Kastha Tatha Furniture Udhyog,Dang,Private,2068,
Pun Construction,Dang,Private,2068,
P. N. Consultancy,Dang,Private,2068,
Genetic International Education Consultancy,Dang,Private,2068,
Himshikhar Hotel & Lodge,Dang,Private,2068,
Hotel Anmol Plaza,Dang,Private,2068,
Indreni English Boarding School Dang,Dang,Private,2068,
Shubha Sandesh Shiksha Sadan,Dang,Private,2068,
Hotel City Plaza,Dang,Private,2068,
Herbal Home Industries,Dang,Private,2068,
Taj Abroad International,Dang,Private,2068,
Apro C-P Fitting Industries,Dang,Private,2068,
Modern United Vision Center,Dang,Private,2068,
Namaste Fuels,Dang,Private,2068,
New Future English Boarding School Deukhuri Dang,Dang,Private,2068,
Barahadev Food Industries,Dang,Private,2068,
Dang Cable Net,Dang,Private,2068,
Madhya-Pashchim Property Dealers,Dang,Private,2068,
Suravi Dugdha Utpadan Tatha Krishi Bikas,Dang,Private,2069,
Broadbase Educational Foundation,Dang,Private,2069,
B.D.H. Real Estate,Dang,Private,2069,
Swargadwari Job Planet,Dang,Private,2069,
Midwest Academy & Research Institute,Dang,Private,2069,
Six Star English Boarding School,Dang,Private,2069,
Current Nirman Tatha Suppliers,Dang,Private,2069,
Prajwal Enterprises,Dang,Private,2069,
Dang College of Science and Technology,Dang,Private,2069,
Apple Builders,Dang,Private,2069,
Pandaweshwari English School,Dang,Private,2069,
Ambikeshori Technical College,Dang,Private,2069,
Golden Light English Boarding School,Dang,Private,2069,
Purandhara Hospital And Diagnosis Centre,Dang,Private,2069,
Advanced Ambekishwori Technical College,Dang,Private,2069,
Swargadwari Shaikshik Sadan,Dang,Private,2069,
Florence Technical College,Dang,Private,2069,
Tulshipur Polytechnical College,Dang,Private,2069,
Rapti Health & Engineering College,Dang,Private,2069,
Advance Shikshalaya,Dang,Private,2069,
Gaun Sahar Polyclinic,Dang,Private,2069,
Rapti Bagbani,Dang,Private,2069,
Krishnaa Bagwani,Dang,Private,2069,
Mission Star Academy Dang,Dang,Private,2069,
River Rapti English Boarding School,Dang,Private,2069,
Green Institute of Science & Technology Nepal,Dang,Private,2069,
Prabesh polyclinic,Dang,Private,2069,
Rajdhani Property Dealer,Dang,Private,2069,
Apex Extra Computer Institute,Dang,Private,2069,
Gazzabko Media,Dang,Private,2069,
Shree Barahakshetra Byapar Sewa,Dang,Private,2069,
Rapti Modern Agriculture Farm,Dang,Private,2069,
Page Three Entertainment,Dang,Private,2069,
Rapti Shiksha Sadan,Dang,Private,2069,
Rapti Kinara Cable Net,Dang,Private,2069,
Indradhanush Construction,Dang,Private,2069,
Sonpur Cable Net,Dang,Private,2069,
Dip Jyoti Health Science And Engineering College,Dang,Private,2069,
Nepal Gasket Udhyog,Dang,Private,2069,
Balika Bishnu Construction,Dang,Private,2069,
Swargadwari Construction,Dang,Private,2069,
Rapti Babai Construction,Dang,Private,2069,
Ampic Construction,Dang,Private,2069,
White Pigeon Academy,Dang,Private,2069,
R.D.S. Construction,Dang,Private,2069,
Famous Transport And Suppliers,Dang,Private,2069,
Sworgadwari Dental Hospital,Dang,Private,2069,
Bright Future Academy Dang,Dang,Private,2069,
R.B.G. Construction,Dang,Private,2069,
Aryan Driving Training Center,Dang,Private,2069,
Tufan Construction,Dang,Private,2069,
G One Multipurpose,Dang,Private,2069,
Tulsipur Construction,Dang,Private,2069,
Rapti Bishwasi Nirman Sewa,Dang,Private,2069,
Padam Construction,Dang,Private,2069,
Swargadwari Auto Land,Dang,Private,2069,
L.K. Construction Company,Dang,Private,2069,
Rapti Valley Housing & Investment,Dang,Private,2069,
Chandra Kunja English Boarding School,Dang,Private,2069,
Gurukul Shikshya Sadan Dang,Dang,Private,2069,
Om Siddhi Transport & Suppliers,Dang,Private,2069,
Rapti International Culsultancy,Dang,Private,2069,
Kripa Poly Clinic Diagnostic Center,Dang,Private,2069,
Shani Maharaj Real Estate,Dang,Private,2069,
Sulav Suppliers and Trading,Dang,Private,2069,
Barahambe Agro,Dang,Private,2069,
Rapti Employment Consult,Dang,Private,2069,
Ganapati Oil and General Mills,Dang,Private,2069,
Om Shanti Kastha Udhyog,Dang,Private,2069,
Asia Pasific International Consultancy,Dang,Private,2069,
Jyoti Educational Institute,Dang,Private,2069,
Shusangeet Construction & Suppliers,Dang,Private,2069,
Everest Academy for Advance Learning,Dang,Private,2069,
Gambeshi Construction,Dang,Private,2069,
Madhyapashchim Construction,Dang,Private,2069,
Rapti Sub-Remit,Dang,Private,2069,
Rapti Sunrise Boarding School,Dang,Private,2069,
Sangam Polyclinic And Diagnostic,Dang,Private,2069,
D.F.C.S.,Dang,Private,2069,
Link of International Maddyapaschim Consultancy,Dang,Private,2069,
Rapti Nines,Dang,Private,2069,
Chinari Hospital,Dang,Private,2069,
Shishu Niketan Academy Ghorahi,Dang,Private,2069,
Blue Sky College of Science and Technology,Dang,Private,2069,
Nepal Bhu.Pu. Sainik Hospital,Dang,Private,2069,
Pawan Imporium Suppliers,Dang,Private,2069,
Integrated Livestock Herb Agriculture & Forest Farm,Dang,Private,2069,
Shani Maharaj Resort Dang,Dang,Private,2069,
Yug Prabaha Multipurpose Company,Dang,Public,2069,
Public Research Media,Dang,Private,2069,
Rajat Medical Center,Dang,Private,2069,
Dang Sub Money Transfer,Dang,Private,2069,
Rapti Media,Dang,Private,2069,
Gorkha International Public Secondary School Alumni Association,Dang,Non-Profit Distributing,2069,
SAIKRIPA NIRMAN SEWA (P) LIMITED,Dang,Private,2069,
Rapti Broadcasting,Dang,Private,2069,
Siddhi Binayak Crusher & Scanning Industries,Dang,Private,2069,
Dang Valley Imaging & Diagnostic Center,Dang,Private,2069,
Dang Aasirbad Polyclinic,Dang,Private,2069,
Dainik Eta Udhyog,Dang,Private,2069,
Samrat Cement Company,Dang,Private,2069,
Ambikeshwari Khane Pani,Dang,Private,2069,
Jaljala Distillery,Dang,Private,2069,
Welcome Real Estate,Dang,Private,2069,
Suryashakti Super Jaibik Prangarik Mal Utpadan Kendra,Dang,Private,2070,
Rapti Agro-Forestry and Livestock,Dang,Private,2070,
TAKSHYASHILA INSTITUTE OF MANAGEMENT,Dang,Private,2070,
GYAN JYOTI MANAGEMENT COLLEGE,Dang,Private,2070,
GORKHA MANAGEMENT COLLEGE,Dang,Private,2070,
GORKHA ENGINEERING COLLEGE,Dang,Private,2070,
Dang National Foundation of Education,Dang,Private,2070,
Shantishree Academy Dang,Dang,Private,2070,
Om NamaM Shivaya Crusher Udhyog,Dang,Private,2070,
Hemraj Smriti Vidhyalaya,Dang,Private,2070,
Axis Technology,Dang,Private,2070,
Shangrila Drinking Water & Beverage Industries,Dang,Private,2070,
Deukhuri Valley Crushar Udhyog,Dang,Private,2070,
Narayani Structures and Engineering Works,Dang,Private,2070,
Madhyapashchim Academy,Dang,Private,2070,
Yogi Brothers Crusher Udhyog,Dang,Private,2070,
Dharnali Suppliers and Traders,Dang,Private,2070,
DILIP NIRMAN SEWA,Dang,Private,2070,
Om Narayan Tatha Kastha Udhyog,Dang,Private,2070,
Sushil Kastha Udhyog,Dang,Private,2070,
Namaste Bol Construction,Dang,Private,2070,
Vingreli Village,Dang,Private,2070,
Two Pillers Construction,Dang,Private,2070,
Bhugol Construction,Dang,Private,2070,
Purna & Raj Construction,Dang,Private,2070,
Jaljala Prabidhika Shikshalaya,Dang,Private,2070,
Blue Mountain Resort,Dang,Private,2070,
Lekbeshi Nirman Sewa,Dang,Private,2070,
National Vision Multi Purpose Agro and Bio Farm,Dang,Private,2070,
A One Product,Dang,Private,2070,
Option Engineering Consultancy,Dang,Private,2070,
aayu Hospital,Dang,Private,2070,
Sunalaxmi Builders & Suppliers,Dang,Private,2070,
Tarigaun Construction,Dang,Private,2070,
Aadharsheela Cement,Dang,Private,2070,
Nepal Foreign Security Guard Training Center,Dang,Private,2070,
Ambikeshwori Engineering,Dang,Private,2070,
Scotland Educational Academy,Dang,Private,2070,
Delight CornerThe Family Restaurant,Dang,Private,2070,
Prem Nirman Sewa,Dang,Private,2070,
BiBalajee Medico Distributers,Dang,Private,2070,
Deukhuri Plus,Dang,Private,2070,
Prayas Trading House,Dang,Private,2070,
Rewa Construction,Dang,Private,2070,
Mid West Agriculture Research And Development,Dang,Private,2070,
Panchakule Nirman Sewa pvt.Ltd,Dang,Private,2070,
Chandra Surya Dhuwani Sewa,Dang,Private,2070,
New Rider Auto World Pvt. Ltd.,Dang,Private,2070,
Multi Technical College,Dang,Private,2070,
Nimble Carrier Academy,Dang,Private,2070,
Swargadwari Technical Training Center,Dang,Private,2070,
Samrat Traders,Dang,Private,2070,
G. 5 Group D. Films,Dang,Private,2070,
Gyan Deep College,Dang,Private,2070,
Midwestern Health Care Policlinic,Dang,Private,2070,
R.D. & Company,Dang,Private,2070,
D.B. Construction,Dang,Private,2070,
Dang Polytechnic Institute Pvt.Ltd.,Dang,Private,2070,
P. Oli Nirman Sewa,Dang,Private,2070,
Kalika Multi Technical Institute Ghorahi Dang,Dang,Private,2070,
Gantabya Educare Homes,Dang,Private,2070,
South Point Technical College,Dang,Private,2070,
Jagat Narayan Furniture Udhyog,Dang,Private,2070,
Triguna sa: Mill Tatha Kastha Udhyog,Dang,Private,2070,
Aayu Investment Company,Dang,Private,2070,
B.I.D.Energy,Dang,Private,2070,
Yogi Multipurpose Company,Dang,Private,2070,
Boon Academy Dang Pvt. Ltd.,Dang,Private,2070,
Rapti Vision Eyecare and Optical Pvt. Ltd.,Dang,Private,2070,
Krishna Lila Nirman Sewa Pvt. Ltd.,Dang,Private,2070,
Dibya Laxmi Investment,Dang,Private,2070,
Pancharatna Cable Network,Dang,Private,2070,
D. P. Construction & Suppliers,Dang,Private,2070,
Shanti Deep Prabidhik Shikshalaya  Dang Pvt. Ltd,Dang,Private,2070,
Jakhera Education Centre,Dang,Private,2071,
Shiva Bhkta Nirman Sewa pv.Ltd.,Dang,Private,2071,
Swargadwari Krishi Talim Tatha Anusandhan Kendra,Dang,Private,2071,
Sangam Swargadwari Mining And Transport,Dang,Private,2071,
Lila Agriculture Pvt.Ltd.,Dang,Private,2071,
S.M.B.Food Product Pvt.Ltd.,Dang,Private,2071,
South Point English Boarding School Dang,Dang,Private,2071,
Middle East Employment Training Center Pvt. Ltd.,Dang,Private,2071,
U.K.Bikash Nirman Sewa Pvt.Ltd.,Dang,Private,2071,
Kandara Construction Dang,Dang,Private,2071,
A.B.C. International Academy Dang,Dang,Private,2071,
Lamobit Agro Farming,Dang,Private,2071,
Batunisa Harbal & Agro,Dang,Private,2071,
Star Light School Dang,Dang,Private,2071,
Suryodaya Sa: Mill Tatha Kastha Udhyog,Dang,Private,2071,
Trishakti Suppliers,Dang,Private,2071,
himalayan kapi udog,Dang,Private,2071,
New Gyankung Engllish Boarding School Dang,Dang,Private,2071,
Dang valley poultry & pellet,Dang,Private,2071,
Shuvam Business Group,Dang,Private,2071,
Mid West  Agro,Dang,Private,2071,
Tulsi Hospital,Dang,Private,2071,
Buddha  Kiran English School Dang,Dang,Private,2071,
Tulshipur Digital X-ray And Diagnostic Center,Dang,Private,2071,
Himal Poultry And Agro Company,Dang,Private,2071,
Dewar Bhauju Vision,Dang,Private,2071,
Airawati Multipurpose Investment Company,Dang,Private,2071,
Jin Sheng Mining Company,Dang,Private,2071,
Rauniyar Polyclinic,Dang,Private,2071,
Shubhashree Educational Academy Ghorahi Dang,Dang,Private,2071,
N.P. Square Multipurpose Krishi Farm,Dang,Private,2071,
Guru Gorakhnath Baba Nirman Sewa,Dang,Private,2071,
Oli Poultry Breeding,Dang,Private,2071,
Dolai Construction,Dang,Private,2071,
Narayanpur Horizon Academy,Dang,Private,2071,
SAI MINERALS,Dang,Private,2071,
Gurukul Education Foundation Dang,Dang,Private,2071,
Saiz Engineers,Dang,Private,2071,
Hotel Mala Inn,Dang,Private,2071,
Bramhaputra Nirman Sewa,Dang,Private,2071,
Saurab Nirman Sewa,Dang,Private,2071,
TRISHIDDHESWORI CONSULTANCY AND TRAINING CENTRE,Dang,Private,2071,
Rajiv Itta Udhyog,Dang,Private,2071,
Swarnapuri Construction,Dang,Private,2071,
Sopan Construction,Dang,Private,2071,
Jayanti Kastha Udhyog,Dang,Private,2071,
Mountain Mineral Water & Beverage,Dang,Private,2071,
Nepal Public Academy Dang,Dang,Private,2071,
Shree Sunglow Morden Academy Dang,Dang,Private,2071,
All Deukhari Construction,Dang,Private,2071,
Paras International Technology,Dang,Private,2071,
Priyani Agriculture Firm,Dang,Private,2071,
Malati Electric Company,Dang,Private,2071,
Gurukul International Academy Dang,Dang,Private,2071,
Swargadwari Kastha Udhyog,Dang,Private,2071,
K.C.L. Brothers Agrotech,Dang,Private,2071,
Rapti Ns.Ds.Group,Dang,Private,2071,
Sunrise Academy Dang,Dang,Private,2071,
Budhathoki Rojin and Turpentine Industries,Dang,Private,2071,
Purnagiri Pharmaceutical,Dang,Private,2071,
Jaljala Bakhra Tatha Bangur Palan,Dang,Private,2071,
Journey Extra Educational Palace,Dang,Private,2071,
N.B.C. Electric Service Center,Dang,Private,2071,
Bahadur Gorkhali Training Centre,Dang,Private,2071,
Sagarmatha Poltry,Dang,Private,2071,
Dang Montessori Education Foundation,Dang,Private,2071,
Ghorahi Dental Home,Dang,Private,2071,
Navaratna Cable Network,Dang,Private,2071,
Bahu Aayamik Sikshya Sadan,Dang,Private,2071,
Saubhagya Laxmi Investment,Dang,Private,2071,
Bal Sikshya Sadan,Dang,Private,2071,
Ujjyalo Bhabishya Sikshya Sadan Dang,Dang,Private,2071,
New Ratnasila English Boarding School Dang,Dang,Private,2071,
Rapti Flour Mills,Dang,Private,2071,
Bhakta Academy,Dang,Private,2071,
Pram Software Development,Dang,Private,2071,
"Rukmina English Medium Boarding School, Dang",Dang,Private,2071,
Rapti Feed Industries,Dang,Private,2071,
Sonashree Vidhyut Company,Dang,Private,2071,
Hariyali Jadibuti Sankalan tatha Prasodhan Kendra,Dang,Private,2071,
Satgaiya Nirman Sewa,Dang,Private,2071,
Om Nama Shivaya Kastha Furniture Udhyog,Dang,Private,2071,
The Institute of Information Techonology,Dang,Private,2071,
Swarnim Deukhuri Campus,Dang,Private,2071,
Surya Putra Enterprises,Dang,Private,2071,
K.C. Meat And Agro Farm,Dang,Private,2071,
Muna Tours and Travels,Dang,Private,2071,
Amazon consultancy And Engineering Service,Dang,Private,2071,
Kibs Agro Nepal,Dang,Private,2071,
Dang Sunrise Montessori,Dang,Private,2071,
Mission Gorkha Training Center,Dang,Private,2071,
Angels Queen Montessori Pre School & Training Center,Dang,Private,2071,
Scope International Services,Dang,Private,2071,
Holistic Engineering Solution,Dang,Private,2071,
Jaya ma Swargadwari Nirman Sewa,Dang,Private,2071,
Dang Deukhuri moonrise English Boadring School,Dang,Private,2071,
Belbase Nirman Sewa,Dang,Private,2071,
Ambikeshwari Group,Dang,Private,2071,
Sudarshan Krishi Farm,Dang,Private,2071,
Barsa Nirman Sewa,Dang,Private,2071,
Rapti Uddhyam,Dang,Private,2071,
Kanchanjunga Multipurpose Agriculture And Animal Production,Dang,Private,2071,
Rapti Agro Research,Dang,Private,2071,
B.G. Agriculture,Dang,Private,2071,
Majestic Hotel,Dang,Private,2071,
Darshan Saw Mill Tatha Furniture Udhyog,Dang,Private,2071,
Ambikeshwori Motors,Dang,Private,2071,
Rangsing Ekata Transport,Dang,Private,2071,
Neupane Construction,Dang,Private,2071,
Br & P.K.T.,Dang,Private,2071,
Vishruti Learning Centre,Dang,Private,2071,
Iron Gate Technical College,Dang,Private,2071,
Thank  You  Motors,Dang,Private,2072,
Shreejansil Arganic Krishi Upaj  and  Multipurpose,Dang,Private,2072,
Ghimire Dhuwanee Sewa,Dang,Private,2072,
Rijal Dhuwanee Sewa,Dang,Private,2072,
Prakhayat Nirman Sewa and Suppliers,Dang,Private,2072,
Achiever Group of Company,Dang,Private,2072,
J.S. Agriculture Farm,Dang,Private,2072,
Ingenious Design Solution,Dang,Private,2072,
Gamma Engineering Consultancy,Dang,Private,2072,
Yogi Krishi Tatha Pashupalan,Dang,Private,2072,
Sisne Prabidhik Shikshyalaya & Training Center,Dang,Private,2072,
Nepal Public Acedemy,Dang,Private,2072,
Tulsipur City Hospital,Dang,Private,2072,
Jharana Furnitures and Suppliers,Dang,Private,2072,
C.I.M.S. & Computer Institute,Dang,Private,2072,
Saramshi Technical College,Dang,Private,2072,
Life Care Diagnostic Centre,Dang,Private,2072,
Gayatri Construction Company,Dang,Private,2072,
Supadeurali Technical Training Center,Dang,Private,2072,
Aadishri Life Care Center,Dang,Private,2072,
A. & P. Brothers Soap Industries,Dang,Private,2072,
Dang Hospital,Dang,Private,2072,
T.D. Builders,Dang,Private,2072,
Dang Construction,Dang,Private,2072,
Jitendra Balkrishna Yatayat Ganga,Dang,Private,2072,
Janaki Susan Nirman Sewa and Suppliers,Dang,Private,2072,
Divya National  Academy Dang,Dang,Private,2072,
A.B.C.English School Dang,Dang,Private,2072,
Ma Santoshi Tyre Bazzar,Dang,Private,2072,
Amiliya Paradise  English School Dang,Dang,Private,2072,
Nabin Pharma,Dang,Private,2072,
Regmi Engineering Consult,Dang,Private,2072,
Dragon Television,Dang,Private,2072,
Dang Agriculture,Dang,Private,2072,
Sheram Nirman Sewa,Dang,Private,2072,
Pandabeshwor Cable Television,Dang,Private,2072,
Four S Company,Dang,Private,2072,
Chhampali Rice Mill,Dang,Private,2072,
Mid Western Livestock And Poultry Farm,Dang,Private,2072,
Sukreswori Bhandari Nirman Sewa,Dang,Private,2072,
Manaviya Swasthya Sewa,Dang,Private,2072,
Ambikeshwori Krishi Firm,Dang,Private,2072,
Gorkha Model College,Dang,Private,2072,
Prayas Concrete Pole And Humpipe Udyog,Dang,Private,2072,
Chaudhary Multipurpose Company,Dang,Private,2072,
Online Tech,Dang,Private,2072,
Cyber View Academy Dang,Dang,Private,2072,
Aayon Nirman Sewa,Dang,Private,2072,
Swargadwari Telivision,Dang,Private,2072,
Public Engineering Consultant & Construction,Dang,Private,2072,
Malika Kalika Yatayat,Dang,Private,2072,
Sarau Bal Academy Dang,Dang,Private,2072,
C.P. Multipurpose Media Group,Dang,Private,2072,
Aarogya Multipurpose Sewa Kendra,Dang,Private,2072,
Graps Fuel,Dang,Private,2072,
Manakamana Oil Suppliers,Dang,Private,2072,
Venus Academy Dang,Dang,Private,2072,
P. K. Nirman Sewa,Dang,Private,2072,
Children Future Academy Dhanauri Dang,Dang,Private,2072,
Baby Castle English Boarding School Dang,Dang,Private,2072,
Multiple Media,Dang,Private,2072,
Dang Valley Agro Farm,Dang,Private,2072,
Shivadev Modern English School Dang,Dang,Private,2072,
Suryodaya Multipurpose Agriculture Enterpreneur,Dang,Private,2072,
Shree Pravesh Academy Vidyalaya,Dang,Private,2072,
Sunrise Multi Media,Dang,Private,2072,
B. K. D. Construction,Dang,Private,2072,
Oli Agro,Dang,Private,2072,
Aaj Transport,Dang,Private,2072,
Dang Yatayat Sewa,Dang,Private,2072,
D.S.S.P. Nirman Sewa,Dang,Private,2072,
Apple Montessori School Dang,Dang,Private,2072,
Sabhyata English School Dang,Dang,Private,2072,
Daju Bhai Nirman Sewa,Dang,Private,2072,
Kundalini School Dang,Dang,Private,2072,
R.K. English Boarding School Dang,Dang,Private,2072,
Ananda Academy Dang,Dang,Private,2072,
Doctors Hand Academy,Dang,Private,2072,
Rose River Side English Boarding School,Dang,Private,2072,
Shree Ratan Nath Baal Academy,Dang,Private,2072,
H.B.Cheetri Construction and Suppliers,Dang,Private,2072,
Divine Education Foundation Dag,Dang,Private,2072,
Gyan Deep Academy,Dang,Private,2072,
Sano Bheri Krishi Farm,Dang,Private,2072,
Shai Kumari Store,Dang,Private,2072,
United Korean Language Center,Dang,Private,2072,
R.R Krishi Bahuudshiya,Dang,Private,2072,
Hubble Educational Home,Dang,Private,2072,
Nepal High Technology School and Research Center,Dang,Private,2072,
Dang Oxygen Udhyog,Dang,Private,2072,
Dig Darshan Construction,Dang,Private,2072,
Hill Side Technical College Dang,Dang,Private,2072,
S.D.L. Construction,Dang,Private,2072,
Sambriddhi Construction,Dang,Private,2072,
Deuki Multipurpose Services,Dang,Private,2072,
Pahal Nepal,Dang,Private,2072,
Mid Western Intennational College of Hospitality Management,Dang,Private,2072,
Subina Pharma,Dang,Private,2072,
Samana Multi Skill Institute,Dang,Private,2072,
Rapti Yatayat Sewa,Dang,Private,2072,
Sworgadwari Construction,Dang,Private,2072,
Sungabha Mines,Dang,Private,2072,
Rapti Technical And Educational School,Dang,Private,2072,
New Indreni English Boarding School Lamahi,Dang,Private,2072,
Nature Care Samudayik Hospital,Dang,Non-Profit Distributing,2072,
Moonlight Drug Distributers,Dang,Private,2072,
Pallavi Agro,Dang,Private,2072,
Seed Foundation,Dang,Private,2072,
Hari Om Drilling,Dang,Private,2072,
Tridev Kera Uthpadan Tatha Food Processing Industries,Dang,Private,2072,
Pari Ladies Hostel,Dang,Private,2072,
H.D. Industries,Dang,Private,2072,
Madhyapachhim Construction Company,Dang,Private,2072,
Regal Academy Dang,Dang,Private,2072,
Pandabeshwor Academy,Dang,Private,2072,
Rapti Super Hospital,Dang,Private,2072,
Dip Prabin Construction And Suppliers,Dang,Private,2072,
Himalaya Harbo Product Group,Dang,Private,2072,
Hillside Property Dealers,Dang,Private,2072,
Pandaweshwori Yatayat,Dang,Private,2072,